<?xml version="1.0" encoding="UTF-8"?>
<ehcache xmlns:xsi="http://www.w3.org/2001/XMLSchema-instance"
	xsi:noNamespaceSchemaLocation="ehcache.xsd">

	<diskStore path="java.io.tmpdir" />

	<defaultCache maxElementsInMemory="10000"
		eternal="false"
		timeToIdleSeconds="120"
		timeToLiveSeconds="120"
		overflowToDisk="true"
		diskSpoolBufferSizeMB="30"
		maxElementsOnDisk="10000000"
		diskPersistent="false"
		diskExpiryThreadIntervalSeconds="120"
		memoryStoreEvictionPolicy="LRU">
	</defaultCache>
	
	<cache name="com.techm.taas.entity.Article"
		maxEntriesLocalHeap="1000"
		eternal="false"
		timeToIdleSeconds="0"
		timeToLiveSeconds="5"
		memoryStoreEvictionPolicy="FIFO">
		<persistence strategy="localTempSwap" />
	</cache>

	<cache name="com.techm.taas.entity.Category"
		maxEntriesLocalHeap="50"
		eternal="false"
		timeToIdleSeconds="0"
		timeToLiveSeconds="0"
		memoryStoreEvictionPolicy="FIFO">
		<persistence strategy="localTempSwap" />
	</cache>

	<cache name="com.techm.taas.entity.Comment"
		maxEntriesLocalHeap="3000"
		eternal="false"
		timeToIdleSeconds="0"
		timeToLiveSeconds="120"
		memoryStoreEvictionPolicy="FIFO">
		<persistence strategy="localTempSwap" />
	</cache>

	<cache name="com.techm.taas.entity.Tag"
		maxEntriesLocalHeap="100"
		eternal="false"
		timeToIdleSeconds="0"
		timeToLiveSeconds="0"
		memoryStoreEvictionPolicy="FIFO">
		<persistence strategy="localTempSwap" />
	</cache>

	<cache name="com.techm.taas.entity.User"
		maxEntriesLocalHeap="1000"
		eternal="false"
		timeToIdleSeconds="0"
		timeToLiveSeconds="120"
		memoryStoreEvictionPolicy="FIFO">
		<persistence strategy="localTempSwap" />
	</cache>

	<cache name="com.techm.taas.entity.UserRole"
		maxEntriesLocalHeap="10"
		eternal="false"
		timeToIdleSeconds="0"
		timeToLiveSeconds="0"
		memoryStoreEvictionPolicy="FIFO">
		<persistence strategy="localTempSwap" />
	</cache>

	<cache name="org.hibernate.cache.spi.UpdateTimestampsCache"
		maxEntriesLocalHeap="5000"
		eternal="true">
		<persistence strategy="localTempSwap" />
	</cache>

	<cache name="org.hibernate.cache.internal.StandardQueryCache"
		maxEntriesLocalHeap="5"
		eternal="false" 
		timeToLiveSeconds="120"
		memoryStoreEvictionPolicy="FIFO">
		<persistence strategy="localTempSwap" />
	</cache>
</ehcache>