<?xml version="1.0" encoding="UTF-8"?>

<!DOCTYPE hibernate-configuration PUBLIC "-//Hibernate/Hibernate Configuration DTD 3.0//EN"
    "http://hibernate.sourceforge.net/hibernate-configuration-3.0.dtd">

<hibernate-configuration>
    <session-factory>

        <property name="hibernate.dialect">${hibernate.dialect}</property>
        <property name="hibernate.show_sql">${hibernate.show_sql}</property>
        <property name="hibernate.format_sql">${hibernate.format_sql}</property>
        <property name="hibernate.use_sql_comments">${hibernate.use_sql_comments}</property>

        <mapping class="es.udc.pa.pa013.practicapa.model.userprofile.UserProfile" />
        <mapping class="es.udc.pa.pa013.practicapa.model.order.Order" />
        <mapping class="es.udc.pa.pa013.practicapa.model.orderline.OrderLine" />
        <mapping class="es.udc.pa.pa013.practicapa.model.product.Product" />
        <mapping class="es.udc.pa.pa013.practicapa.model.category.Category" />
    </session-factory>
</hibernate-configuration>