<?xml version="1.0" encoding="UTF-8"?>
<beans xmlns="http://www.springframework.org/schema/beans"
	xmlns:xsi="http://www.w3.org/2001/XMLSchema-instance"
	xmlns:context="http://www.springframework.org/schema/context"
	xmlns:tx="http://www.springframework.org/schema/tx"
	xmlns:jdbc="http://www.springframework.org/schema/jdbc"
	xsi:schemaLocation="http://www.springframework.org/schema/beans
		http://www.springframework.org/schema/beans/spring-beans.xsd
		http://www.springframework.org/schema/tx
		http://www.springframework.org/schema/tx/spring-tx.xsd
		http://www.springframework.org/schema/jdbc
		http://www.springframework.org/schema/jdbc/spring-jdbc.xsd">

	<!-- Database properties -->
	<bean id="propertyConfigurer"
		class="org.springframework.beans.factory.config.PropertyPlaceholderConfigurer">
		<property name="location" value="classpath:/META-INF/database.properties" />
	</bean>

	<!-- Configuring a Connection pool dataSource -->
	<bean id="dataSource" class="org.apache.commons.dbcp.BasicDataSource" destroy-method="close">
		<property name="driverClassName" value="${jdbc.driverClassName}" />
		<property name="url" value="${jdbc.url}" />
		<property name="username" value="${jdbc.username}" />
		<property name="password" value="${jdbc.password}" />
		<!-- DBCP configuration -->
		<property name="initialSize" value="${dbcp.initialSize}" />
		<property name="maxActive" value="${dbcp.maxActive}" />
		<property name="maxIdle" value="${dbcp.maxIdle}" />
		<property name="maxWait" value="${dbcp.maxWait}" />
	</bean>

	<!-- Initialize db -->
	<jdbc:initialize-database data-source="dataSource" ignore-failures="ALL">
		<jdbc:script location="classpath:/META-INF/sql/DATA_SCHEMA.sql" />
		<jdbc:script location="classpath:/META-INF/sql/DUMP_DATA.sql" />
	</jdbc:initialize-database>

	<!-- SessionFactory -->
	<bean id="sessionFactory" 
	    class="org.springframework.orm.hibernate4.LocalSessionFactoryBean">
	      <property name="dataSource" ref="dataSource" />
	      <property name="packagesToScan" value="com.techm.taas.entity" />
	      <property name="hibernateProperties">
	         <props>
	            <prop key="hibernate.hbm2ddl.auto">${hibernate.hbm2ddl.auto}</prop>
	            <prop key="hibernate.dialect">${hibernate.dialect}</prop>
	            <prop key="hibernate.show_sql">${hibernate.show_sql}</prop>
	            <prop key="hibernate.dialect">${hibernate.dialect}</prop>
	         </props>
	      </property>
	   </bean>
	<tx:annotation-driven />
	<bean id="transactionManager"
	    class="org.springframework.orm.hibernate4.HibernateTransactionManager">
	    <property name="sessionFactory" ref="sessionFactory" />
	</bean>
	
	<bean id="persistenceExceptionTranslationPostProcessor"
      class="org.springframework.dao.annotation.PersistenceExceptionTranslationPostProcessor" />
</beans>
