<?xml version="1.0" encoding="UTF-8"?>

<assembly>
    <id>src</id>
    <formats>
        <format>zip</format>
        <format>tar.gz</format>
        <format>tar.bz2</format>
    </formats>
    <fileSets>
        <fileSet>
            <includes>
                <include>**/*</include>
            </includes>
            <excludes>
                <exclude>**/.project</exclude>
                <exclude>**/.classpath</exclude>
                <exclude>**/.settings/**</exclude>
                <exclude>**/target/**</exclude>
                <exclude>**/META-INF/**</exclude> <!-- Created by m2eclipse -->
                <exclude>.git/**</exclude>
                <exclude>.gitignore</exclude>
            </excludes>
        </fileSet>
    </fileSets>
</assembly>
